Data,ora,pH,Ipoclorito,dicloro,tricloro,antialghe,flocculante,decloratore
Fri 21 Aug 2026,07:00,200,,,,,,
,19:00,,150,,,,,
Sat 22 Aug 2026,07:00,150,,,,,,
,19:00,,150,,,,,
Sun 23 Aug 2026,07:00,250,,,,,,
,19:00,,120,,,,,
Mon 24 Aug 2026,07:00,,,,,,,
,19:00,,150,,,,,
Tue 25 Aug 2026,07:00,250,,,,,,
,19:00,,150,,,,,
Wed 26 Aug 2026,07:00,200,,,,,,
,19:00,,100,,,,,
Thu 27 Aug 2026,07:00,200,,,,,,
,19:00,,150,,,,,
Fri 28 Aug 2026,07:00,500,,,,,,
,19:00,,150,,,,,
Sat 29 Aug 2026,07:00,500,,,,,,
,19:00,,100,,,,,
Sun 30 Aug 2026,07:00,300,,,,,,
,19:00,,150,,,,,
Mon 31 Aug 2026,07:00,300,,,,,,
,19:00,,100,,,,,
Tue 1 Sep 2026,07:00,150,,,,,,
,19:00,,,150,,,,
Wed 2 Sep 2026,07:00,100,,,,,,
,19:00,,,150,,,,
Thu 3 Sep 2026,07:00,100,,,,,,
,19:00,,,150,,,,
Fri 4 Sep 2026,07:00,150,,,,,,
,19:00,,,100,,,,
Sat 5 Sep 2026,07:00,200,,,,,,
,19:00,,,180,,,,
Sun 6 Sep 2026,07:00,200,,,,,,
,19:00,,,100,,,,
Mon 7 Sep 2026,07:00,100,,,,,,
,19:00,,100,,,,,
Tue 8 Sep 2026,07:00,,,,,,,
,19:00,200,50,,,,,
Wed 9 Sep 2026,07:00,,,,,,,
,19:00,,150,,,,,
Thu 10 Sep 2026,07:00,300,200,,,,,
,19:00,,,,,,,
Fri 11 Sep 2026,07:00,200,,,,,,
,19:00,0,0,,,,,
Sat 12 Sep 2026,07:00,11,,,,,,
,19:00,,58,,,,,
Sun 13 Sep 2026,07:00,69,,,,,,
,19:00,8,26,,200,,,
Mon 14 Sep 2026,07:00,124,,,,,,
,19:00,71,,,,,,
Tue 15 Sep 2026,07:00,11,,,,,,
,19:00,11,1,,,,,
Wed 16 Sep 2026,07:00,11,,,,,,
,19:00,10,42,,,,,
Thu 17 Sep 2026,07:00,7,,,,500,,
,19:00,147,22,,200,,,
Fri 18 Sep 2026,07:00,25,,,,,,
,19:00,124,,,,,,
Sat 19 Sep 2026,07:00,8,,,,,,
,19:00,7,,,,,,
Sun 20 Sep 2026,07:00,41,,,,,,
,19:00,74,,,,,,
Mon 21 Sep 2026,07:00,7,55,,200,500,,
,19:00,210,20,,,,,
Tue 22 Sep 2026,07:00,7,,,,,,
,19:00,5,16,,,,,
Wed 23 Sep 2026,07:00,5,,,,,,
,19:00,149,66,,,,,
Thu 24 Sep 2026,07:00,5,,,,,,
,19:00,261,,,,,,
Fri 25 Sep 2026,07:00,77,,,,,,600
,19:00,5,70,,,,,
Sat 26 Sep 2026,07:00,5,43,,,,,
,19:00,5,,,,,,
Sun 27 Sep 2026,07:00,62,,,,,,
,19:00,5,50,,,,,
Mon 28 Sep 2026,07:00,25,53,,,,,
,19:00,210,43,,,,,
Tue 29 Sep 2026,07:00,180,43,,,,,
,19:00,200,,,,,,
Wed 30 Sep 2026,07:00,3,53,,,,,
,19:00,,,,,,,
Thu 1 Oct 2026,07:00,,,,,,,
,19:00,,,,,,,
Fri 2 Oct 2026,07:00,,,,,,,
,19:00,,,,,,,
Sat 3 Oct 2026,07:00,,,,,,,
,19:00,,,,,,,
Sun 4 Oct 2026,07:00,,,,,,,
,19:00,,,,,,,
Mon 5 Oct 2026,07:00,,,,,,,
,19:00,,,,,,,
